﻿pos_x,pos_y,rotation,side,designator,mpn,pack,footprint,value,mount_type
65.552301,-84.5798,0.0,top,C1,,,C_0603_1608Metric_Pad1.08x0.95mm_HandSolder,100nF,smt
68.58,-68.58,90.0,bottom,J1,,,HDMI-SMD_KH-HDMI-0021-JBS,HDMI_A_MALE,smt
77.36,-68.58,-90.0,bottom,J2,,,HDMI-SMD_HDMI-GD-129PWB,HDMI_A_FEMALE,smt
81.28,-55.88,-90.0,top,J3,,,CONN_BM03B-SRSS-TBLFSN_JST,BM03B-SRSS-TBLFSN,smt
66.310001,-103.8581,0.0,top,J3,,,CONN_BM03B-SRSS-TBLFSN_JST,SM03B-SRSS-TB,smt
65.975,-55.88,90.0,top,J4,,,CONN4_BM04B-SRSS_JST,BM04B-SRSS-TB,smt
65.552301,-87.0898,0.0,top,R1,,,R_0603_1608Metric_Pad0.98x0.95mm_HandSolder,10kΩ,smt
65.552301,-89.5998,0.0,top,R2,,,R_0603_1608Metric_Pad0.98x0.95mm_HandSolder,10kΩ,smt
73.66,-57.15,0.0,top,U1,,,SOIC-8_3.9x4.9mm_P1.27mm,ATtiny402-SS,smt
