﻿Designator,Quantity,Value,Footprint,Package,MPN,DNP,Mount_Type,Description
C1,1,100nF,C_0603_1608Metric_Pad1.08x0.95mm_HandSolder,,,,smt,"Unpolarized capacitor, small symbol"
J1,1,HDMI_A_MALE,HDMI-SMD_KH-HDMI-0021-JBS,,,,smt,HDMI type A connector
J2,1,HDMI_A_FEMALE,HDMI-SMD_HDMI-GD-129PWB,,,,smt,HDMI type A connector
J3,1,BM03B-SRSS-TBLFSN,CONN_BM03B-SRSS-TBLFSN_JST,,,,smt,
J3,1,SM03B-SRSS-TB,CONN_BM03B-SRSS-TBLFSN_JST,,,,smt,
J4,1,BM04B-SRSS-TB,CONN4_BM04B-SRSS_JST,,,,smt,
"R1, R2",2,10kΩ,R_0603_1608Metric_Pad0.98x0.95mm_HandSolder,,,,smt,"Resistor, US symbol"
U1,1,ATtiny402-SS,SOIC-8_3.9x4.9mm_P1.27mm,,,,smt,"20MHz, 4kB Flash, 256B SRAM, 128B EEPROM, SOIC-8"
